{
  "input_dim": 46,
  "architecture": "Linear(input\u219264)\u2192ReLU\u2192Linear(64\u219216)\u2192ReLU\u2192Linear(16\u21921)",
  "target": "PRICE_ln (log of price in KZT)",
  "MAPE": 0.8172400295734406,
  "MAE": 0.13891232013702393,
  "MSE": 0.03754037618637085,
  "RMSE": 0.1937533901287171,
  "R2": 0.908989667892456,
  "n_features": 46
}